Fecha,Provincia,Email,Asunto
,Albacete,turismoletur@dipualba.es,Equipamiento para astroturismo en espacios públicos y naturales
,Albacete,villaverde@dipualba.es,Equipamiento para astroturismo en espacios públicos y naturales
,Albacete,casasjuan@dipualba.es,Equipamiento para astroturismo en espacios públicos y naturales
,Albacete,abengibre@dipualba.es,Equipamiento para astroturismo en espacios públicos y naturales
,Albacete,alatoz@dipualba.es,Equipamiento para astroturismo en espacios públicos y naturales
,Albacete,alcalde@ayto-albacete.es,Equipamiento para astroturismo en espacios públicos y naturales
,Albacete,albatana@dipualba.es,Equipamiento para astroturismo en espacios públicos y naturales
,Albacete,alborea@dipualba.es,Equipamiento para astroturismo en espacios públicos y naturales
,Albacete,alcadozo@dipualba.es,Equipamiento para astroturismo en espacios públicos y naturales
,Albacete,alcala@dipualba.es,Equipamiento para astroturismo en espacios públicos y naturales
,Albacete,alcaraz@dipualba.es,Equipamiento para astroturismo en espacios públicos y naturales
,Almeria,ayuntamiento@turrillas.es,Equipamiento para astroturismo en espacios públicos y naturales
,Almeria,rpaniagu@enix.es,Equipamiento para astroturismo en espacios públicos y naturales
,Almeria,ayuntamiento@paternadelrio.es,Equipamiento para astroturismo en espacios públicos y naturales
,Almeria,ayuntamiento@somontin.es,Equipamiento para astroturismo en espacios públicos y naturales
,Almeria,ayuntamiento@huecija.es,Equipamiento para astroturismo en espacios públicos y naturales
,Almeria,registro@balanegra.es,Equipamiento para astroturismo en espacios públicos y naturales
,Almeria,registro@lucar.es,Equipamiento para astroturismo en espacios públicos y naturales
,Almeria,info@purchena.es,Equipamiento para astroturismo en espacios públicos y naturales
,Almeria,registro@pechina.es,Equipamiento para astroturismo en espacios públicos y naturales
,Almeria,centralita@macael.es,Equipamiento para astroturismo en espacios públicos y naturales
,Almeria,registro@benahadux.es,Equipamiento para astroturismo en espacios públicos y naturales
,Almeria,alcaldia@vera.es,Equipamiento para astroturismo en espacios públicos y naturales
,Almeria,registro@abla.es,Equipamiento para astroturismo en espacios públicos y naturales
,Almeria,registro@abrucena.es,Equipamiento para astroturismo en espacios públicos y naturales
,Almeria,informacion@adra.es,Equipamiento para astroturismo en espacios públicos y naturales
,Almeria,registro@albanchez.es,Equipamiento para astroturismo en espacios públicos y naturales
,Almeria,registro@alboloduy.es,Equipamiento para astroturismo en espacios públicos y naturales
,Almeria,registro@albox.es,Equipamiento para astroturismo en espacios públicos y naturales
,Almeria,registro@alcolea.es,Equipamiento para astroturismo en espacios públicos y naturales
,Almeria,aytoalcontar@gmail.com,Equipamiento para astroturismo en espacios públicos y naturales
,Almeria,ayuntamiento@alcudiademonteagud.es,Equipamiento para astroturismo en espacios públicos y naturales
,Almeria,administracion@alhabia.es,Equipamiento para astroturismo en espacios públicos y naturales
,Almeria,registro@alhamadealmeria.es,Equipamiento para astroturismo en espacios públicos y naturales
,Almeria,registro@alicun.es,Equipamiento para astroturismo en espacios públicos y naturales
,Almeria,ayto@aytoalmeria.es,Equipamiento para astroturismo en espacios públicos y naturales
,Almeria,alcaldia@almocita.es,Equipamiento para astroturismo en espacios públicos y naturales
,Almeria,ayuntamiento@alsodux.es,Equipamiento para astroturismo en espacios públicos y naturales
,Almeria,registro@antas.es,Equipamiento para astroturismo en espacios públicos y naturales
,Almeria,administracion@arboleas.org,Equipamiento para astroturismo en espacios públicos y naturales
,Almeria,registro@armunadealmanzora.es,Equipamiento para astroturismo en espacios públicos y naturales
,Almeria,secretario@bacares.es,Equipamiento para astroturismo en espacios públicos y naturales
,Almeria,alcaldia@aytoroquetas.org,Equipamiento para astroturismo en espacios públicos y naturales
,Almeria,informacion@elejido.es,Equipamiento para astroturismo en espacios públicos y naturales
,Almeria,alcaldia@nijar.es,Equipamiento para astroturismo en espacios públicos y naturales
,Almeria,alcaldia@vicar.es,Equipamiento para astroturismo en espacios públicos y naturales
,Almeria,alcaldia@huercal-overa.es,Equipamiento para astroturismo en espacios públicos y naturales
,Almeria,registro@huercaldealmeria.es,Equipamiento para astroturismo en espacios públicos y naturales
,Almeria,pac@cuevasdelalmanzora.es,Equipamiento para astroturismo en espacios públicos y naturales
,Almeria,informacion@berja.es,Equipamiento para astroturismo en espacios públicos y naturales
,Almeria,pulpi@pulpi.es,Equipamiento para astroturismo en espacios públicos y naturales
,Almeria,mlopezce@garrucha.es,Equipamiento para astroturismo en espacios públicos y naturales
,Almeria,registrogeneral@carboneras.es,Equipamiento para astroturismo en espacios públicos y naturales
,Almeria,ayuntamiento@mojacar.es,Equipamiento para astroturismo en espacios públicos y naturales
,Almeria,alcaldia@velezrubio.es,Equipamiento para astroturismo en espacios públicos y naturales
,Almeria,nruizgod@oluladelrio.es,Equipamiento para astroturismo en espacios públicos y naturales
,Almeria,registro@ayuntamientoviator.es,Equipamiento para astroturismo en espacios públicos y naturales
,Almeria,secretaria@dalias.es,Equipamiento para astroturismo en espacios públicos y naturales
,Almeria,administracion@turre.es,Equipamiento para astroturismo en espacios públicos y naturales
,Almeria,registro@tabernas.es,Equipamiento para astroturismo en espacios públicos y naturales
,Almeria,ayuntamiento@benitagla.es,Equipamiento para astroturismo en espacios públicos y naturales
,Almeria,registro@castrodefilabres.es,Equipamiento para astroturismo en espacios públicos y naturales
,Almeria,registro@beires.es,Equipamiento para astroturismo en espacios públicos y naturales
,Almeria,registro@oluladecastro.es,Equipamiento para astroturismo en espacios públicos y naturales
,Almeria,ggarrido@laroya.es,Equipamiento para astroturismo en espacios públicos y naturales
,Almeria,jpadilop@cobdar.es,Equipamiento para astroturismo en espacios públicos y naturales
,Almeria,registro@bayarque.es,Equipamiento para astroturismo en espacios públicos y naturales
,Almeria,ayuntamientodesufli@andaluciajunta.es,Equipamiento para astroturismo en espacios públicos y naturales
,Almeria,registro@santacruzdemarchena.es,Equipamiento para astroturismo en espacios públicos y naturales
,Almeria,ayuntamiento@bentarique.es,Equipamiento para astroturismo en espacios públicos y naturales
,Almeria,ayuntamiento@benizalon.es,Equipamiento para astroturismo en espacios públicos y naturales
,Almeria,registro@velefique.es,Equipamiento para astroturismo en espacios públicos y naturales
,Almeria,secretario@senes.es,Equipamiento para astroturismo en espacios públicos y naturales
,Almeria,ayuntamiento@ragol.es,Equipamiento para astroturismo en espacios públicos y naturales
,Almeria,secretaria@chercos.es,Equipamiento para astroturismo en espacios públicos y naturales
,Almeria,ayuntamiento@bayarcal.es,Equipamiento para astroturismo en espacios públicos y naturales
,Almeria,mcduarte@tahal.es,Equipamiento para astroturismo en espacios públicos y naturales
,Almeria,secretaria@urracal.es,Equipamiento para astroturismo en espacios públicos y naturales
,Almeria,registro@sierro.es,Equipamiento para astroturismo en espacios públicos y naturales
,Almeria,registro@lijar.es,Equipamiento para astroturismo en espacios públicos y naturales
,Almeria,ayuntamiento@turrillas.es,Equipamiento para astroturismo en espacios públicos y naturales
,Cadiz,ayuntamiento@setenildelasbodegas.es,Equipamiento para astroturismo en espacios públicos y naturales
,Cadiz,torrealhaquime@dipucadiz.es,Equipamiento para astroturismo en espacios públicos y naturales
,Cadiz,secretaria@paternaderivera.es,Equipamiento para astroturismo en espacios públicos y naturales
,Cadiz,aytovejeralcaldia@ayuntamientovejer.org,Equipamiento para astroturismo en espacios públicos y naturales
,Cadiz,ayuntamiento@alcaladelosgazules.es,Equipamiento para astroturismo en espacios públicos y naturales
,Cadiz,ayuntamiento@algar.es,Equipamiento para astroturismo en espacios públicos y naturales
,Cadiz,atencionalciudadano@algeciras.es,Equipamiento para astroturismo en espacios públicos y naturales
,Cadiz,alcaldia@arcosdelafrontera.es,Equipamiento para astroturismo en espacios públicos y naturales
,Cadiz,secretaria.general@barbate.es,Equipamiento para astroturismo en espacios públicos y naturales
,Cadiz,ayuntamiento@ayto-losbarrios.es,Equipamiento para astroturismo en espacios públicos y naturales
,Cadiz,ayto@benalupcasasviejas.es,Equipamiento para astroturismo en espacios públicos y naturales
,Cadiz,bornos@bornos.es,Equipamiento para astroturismo en espacios públicos y naturales
,Cadiz,atencion.ciudadano@cadiz.es,Equipamiento para astroturismo en espacios públicos y naturales
,Cadiz,comunicacion.ayto@castellardelafrontera.es,Equipamiento para astroturismo en espacios públicos y naturales
,Cadiz,info@aytochipiona.es,Equipamiento para astroturismo en espacios públicos y naturales
,Cadiz,alcaldia@conil.org,Equipamiento para astroturismo en espacios públicos y naturales
,Cadiz,elgastor@elgastor.es,Equipamiento para astroturismo en espacios públicos y naturales
,Cadiz,ayuntamiento@grazalema.es,Equipamiento para astroturismo en espacios públicos y naturales
,Cadiz,mamen.sanchez@aytojerez.es,Equipamiento para astroturismo en espacios públicos y naturales
,Cadiz,registro@sanfernando.es,Equipamiento para astroturismo en espacios públicos y naturales
,Cadiz,ayuntamiento@elpuertodesantamaria.es,Equipamiento para astroturismo en espacios públicos y naturales
,Cadiz,info@sanlucardebarrameda.es,Equipamiento para astroturismo en espacios públicos y naturales
,Cadiz,admon.alcaldia@lalinea.es,Equipamiento para astroturismo en espacios públicos y naturales
,Cadiz,ayuntamiento@puertoreal.es,Equipamiento para astroturismo en espacios públicos y naturales
,Cadiz,alcaldia@sanroque.es,Equipamiento para astroturismo en espacios públicos y naturales
,Cadiz,oac@aytorota.es,Equipamiento para astroturismo en espacios públicos y naturales
,Cadiz,info@aytotarifa.com,Equipamiento para astroturismo en espacios públicos y naturales
,Cadiz,sac@ayuntamientoubrique.es,Equipamiento para astroturismo en espacios públicos y naturales
,Cadiz,ayuntamiento@medinasidonia.com,Equipamiento para astroturismo en espacios públicos y naturales
,Cadiz,ayuntamiento@olvera.es,Equipamiento para astroturismo en espacios públicos y naturales
,Cadiz,ayuntamiento@trebujena.com,Equipamiento para astroturismo en espacios públicos y naturales
,Cadiz,informacion@jimenadelafrontera.es,Equipamiento para astroturismo en espacios públicos y naturales
,Cadiz,ayuntamientodezahara@gmail.com,Equipamiento para astroturismo en espacios públicos y naturales
,Cadiz,ayuntamiento@sanmartindeltesorillo.es,Equipamiento para astroturismo en espacios públicos y naturales
,Ciudad_Real,ayuntamiento@agudo.es,Equipamiento para astroturismo en espacios públicos y naturales
,Ciudad_Real,ayunt_alamillo@lycos.es,Equipamiento para astroturismo en espacios públicos y naturales
,Ciudad_Real,albaladejo@local.jccm.es,Equipamiento para astroturismo en espacios públicos y naturales
,Ciudad_Real,unidaddeingresos@aytoalcazar.es,Equipamiento para astroturismo en espacios públicos y naturales
,Ciudad_Real,secretario@alcobadelosmontes.es,Equipamiento para astroturismo en espacios públicos y naturales
,Ciudad_Real,alcolea@local.jccm.es,Equipamiento para astroturismo en espacios públicos y naturales
,Ciudad_Real,alcubillas@local.jccm.es,Equipamiento para astroturismo en espacios públicos y naturales
,Ciudad_Real,ayto.aldeadelrey@cim.es,Equipamiento para astroturismo en espacios públicos y naturales
,Ciudad_Real,aytoalhambra@gmail.com,Equipamiento para astroturismo en espacios públicos y naturales
,Ciudad_Real,intervencion@ayto-almaden.com,Equipamiento para astroturismo en espacios públicos y naturales
,Ciudad_Real,ayuntamiento_almadenejos@hotmail.com,Equipamiento para astroturismo en espacios públicos y naturales
,Ciudad_Real,secretarioalmedina@gmail.com,Equipamiento para astroturismo en espacios públicos y naturales
,Ciudad_Real,secretaria@almodovardelcampo.es,Equipamiento para astroturismo en espacios públicos y naturales
,Ciudad_Real,almuradiel@local.jccm.es,Equipamiento para astroturismo en espacios públicos y naturales
,Ciudad_Real,anchurasayuntamiento@yahoo.es,Equipamiento para astroturismo en espacios públicos y naturales
,Ciudad_Real,aytoballesteros@ballesterosdecalatrava.es,Equipamiento para astroturismo en espacios públicos y naturales
,Ciudad_Real,secretaria@bolanosdecalatrava.es,Equipamiento para astroturismo en espacios públicos y naturales
,Ciudad_Real,brazatortas@gmail.com,Equipamiento para astroturismo en espacios públicos y naturales
,Ciudad_Real,ayto_cabezarados@dipucr.es,Equipamiento para astroturismo en espacios públicos y naturales
,Ciudad_Real,ayto_cabezarrubias@dipucr.es,Equipamiento para astroturismo en espacios públicos y naturales
,Ciudad_Real,calzada-calatrava@local.jccm.es,Equipamiento para astroturismo en espacios públicos y naturales
,Ciudad_Real,ayuntamiento@campodecriptana.es,Equipamiento para astroturismo en espacios públicos y naturales
,Ciudad_Real,aytocanada@hotmail.com,Equipamiento para astroturismo en espacios públicos y naturales
,Ciudad_Real,aytocaracuel@hotmail.com,Equipamiento para astroturismo en espacios públicos y naturales
,Ciudad_Real,info@carriondecalatrava.es,Equipamiento para astroturismo en espacios públicos y naturales
,Ciudad_Real,carrizosa@local.jccm.es,Equipamiento para astroturismo en espacios públicos y naturales
,Ciudad_Real,castellardesantiago@castellardesantiago.es,Equipamiento para astroturismo en espacios públicos y naturales
,Ciudad_Real,jvguzman@ayto-ciudadreal.es,Equipamiento para astroturismo en espacios públicos y naturales
,Ciudad_Real,registro@fernan-caballero.org,Equipamiento para astroturismo en espacios públicos y naturales
,Ciudad_Real,ayto_fontanarejo@dipucr.es,Equipamiento para astroturismo en espacios públicos y naturales
,Ciudad_Real,administradora@fuencaliente.es,Equipamiento para astroturismo en espacios públicos y naturales
,Ciudad_Real,ayto_fuenllana@dipucr.es,Equipamiento para astroturismo en espacios públicos y naturales
,Ciudad_Real,aytoffresno@gmail.com,Equipamiento para astroturismo en espacios públicos y naturales
,Ciudad_Real,ayto_granatula@dipucr.es,Equipamiento para astroturismo en espacios públicos y naturales
,Ciudad_Real,ayunguadalmez@yahoo.es,Equipamiento para astroturismo en espacios públicos y naturales
,Ciudad_Real,interventor@herencia.es,Equipamiento para astroturismo en espacios públicos y naturales
,Ciudad_Real,ayto_hinojosas@dipucr.es,Equipamiento para astroturismo en espacios públicos y naturales
,Ciudad_Real,aytohorcajo@hotmail.com,Equipamiento para astroturismo en espacios públicos y naturales
,Ciudad_Real,ayunta_labores@yahoo.es,Equipamiento para astroturismo en espacios públicos y naturales
,Ciudad_Real,ayto_luciana@dipucr.es,Equipamiento para astroturismo en espacios públicos y naturales
,Ciudad_Real,intervencion@malagon.es,Equipamiento para astroturismo en espacios públicos y naturales
,Ciudad_Real,secretaria@manzanares.es,Equipamiento para astroturismo en espacios públicos y naturales
,Ciudad_Real,interventora@aytomembrilla.org,Equipamiento para astroturismo en espacios públicos y naturales
,Ciudad_Real,ayto-arenas@manchanet.es,Equipamiento para astroturismo en espacios públicos y naturales
,Ciudad_Real,secretaria@argamasilladealba.es,Equipamiento para astroturismo en espacios públicos y naturales
,Ciudad_Real,ayto_argamasillacva@dipucr.es,Equipamiento para astroturismo en espacios públicos y naturales
,Ciudad_Real,ayto@arrobadelosmontes.es,Equipamiento para astroturismo en espacios públicos y naturales
,Ciudad_Real,ayuntamiento@loscortijos.com,Equipamiento para astroturismo en espacios públicos y naturales
,Ciudad_Real,aytocozar@cozar.es,Equipamiento para astroturismo en espacios públicos y naturales
,Ciudad_Real,ayuntamiento@chillon.es,Equipamiento para astroturismo en espacios públicos y naturales
,Ciudad_Real,intervencion@aytodaimiel.es,Equipamiento para astroturismo en espacios públicos y naturales
,Ciudad_Real,ayto_mestanza@dipucr.es,Equipamiento para astroturismo en espacios públicos y naturales
,Ciudad_Real,intervencion@ayto-miguelturra.es,Equipamiento para astroturismo en espacios públicos y naturales
,Ciudad_Real,administracion@ayuntamientodemontiel.es,Equipamiento para astroturismo en espacios públicos y naturales
,Ciudad_Real,secretaria@moraldecalatrava.org,Equipamiento para astroturismo en espacios públicos y naturales
,Ciudad_Real,ayto_navalpino@dipucr.es,Equipamiento para astroturismo en espacios públicos y naturales
,Ciudad_Real,secretaria@navasdeestena.org,Equipamiento para astroturismo en espacios públicos y naturales
,Ciudad_Real,intervencion@pedro-munoz.com,Equipamiento para astroturismo en espacios públicos y naturales
,Ciudad_Real,ayuntamiento@picon.es,Equipamiento para astroturismo en espacios públicos y naturales
,Ciudad_Real,ayto_piedrabuena@dipucr.es,Equipamiento para astroturismo en espacios públicos y naturales
,Ciudad_Real,ayto_pozuelos@dipucr.es,Equipamiento para astroturismo en espacios públicos y naturales
,Ciudad_Real,aytosecretaria@hotmail.com,Equipamiento para astroturismo en espacios públicos y naturales
,Ciudad_Real,aytpuertolapice@hotmail.com,Equipamiento para astroturismo en espacios públicos y naturales
,Ciudad_Real,secretariaretuerta@hotmail.com,Equipamiento para astroturismo en espacios públicos y naturales
,Ciudad_Real,saceruela@local.jccm.es,Equipamiento para astroturismo en espacios públicos y naturales
,Ciudad_Real,ayuntamiento@sancarlosdelvalle.org,Equipamiento para astroturismo en espacios públicos y naturales
,Ciudad_Real,slorenzoc@local.jccm.es,Equipamiento para astroturismo en espacios públicos y naturales
,Ciudad_Real,santacruzcanamos@gmail.com,Equipamiento para astroturismo en espacios públicos y naturales
,Ciudad_Real,intervencion@stacruzmudela.org,Equipamiento para astroturismo en espacios públicos y naturales
,Ciudad_Real,intervencion@ayto-socuellamos.es,Equipamiento para astroturismo en espacios públicos y naturales
,Ciudad_Real,ayuntamiento@lasolana.es,Equipamiento para astroturismo en espacios públicos y naturales
,Ciudad_Real,ayto.solanadelpino@yahoo.es,Equipamiento para astroturismo en espacios públicos y naturales
,Ciudad_Real,terrinches@local.jccm.es,Equipamiento para astroturismo en espacios públicos y naturales
,Ciudad_Real,alcaldia@aytotomelloso.es,Equipamiento para astroturismo en espacios públicos y naturales
,Ciudad_Real,administracion@torredejuanabad.es,Equipamiento para astroturismo en espacios públicos y naturales
,Ciudad_Real,administracion@ayuntamientotorrenueva.es,Equipamiento para astroturismo en espacios públicos y naturales
,Ciudad_Real,ayto.valdemanco@hotmail.com,Equipamiento para astroturismo en espacios públicos y naturales
,Ciudad_Real,ayto.valdemanco@hotmail.com,Equipamiento para astroturismo en espacios públicos y naturales
,Ciudad_Real,interventor@valdepenas.es,Equipamiento para astroturismo en espacios públicos y naturales
,Ciudad_Real,aytovalenzuela@yahoo.es,Equipamiento para astroturismo en espacios públicos y naturales
,Ciudad_Real,villahermosa@local.jccm.es,Equipamiento para astroturismo en espacios públicos y naturales
,Ciudad_Real,secretario@villamanrique.net,Equipamiento para astroturismo en espacios públicos y naturales
,Ciudad_Real,administracion@villamayordecalatrava.es,Equipamiento para astroturismo en espacios públicos y naturales
,Ciudad_Real,vvadelafuente@gmail.com,Equipamiento para astroturismo en espacios públicos y naturales
,Ciudad_Real,info@infantes.org,Equipamiento para astroturismo en espacios públicos y naturales
,Ciudad_Real,villanuevadesancarlos@wanadoo.es,Equipamiento para astroturismo en espacios públicos y naturales
,Ciudad_Real,ayto_villarpozo@dipucr.es,Equipamiento para astroturismo en espacios públicos y naturales
,Ciudad_Real,secretaria@villarrubiadelosojos.es,Equipamiento para astroturismo en espacios públicos y naturales
,Ciudad_Real,secretaria@visodelmarques.es,Equipamiento para astroturismo en espacios públicos y naturales
,Ciudad_Real,ayuntamiento@elrobledo.es,Equipamiento para astroturismo en espacios públicos y naturales
,Ciudad_Real,ayuntamiento@ruidera.es,Equipamiento para astroturismo en espacios públicos y naturales
,Ciudad_Real,ayuntamiento@arenalesdesangregorio.es,Equipamiento para astroturismo en espacios públicos y naturales
,Ciudad_Real,info@ayuntamientodellanosdelcaudillo.es,Equipamiento para astroturismo en espacios públicos y naturales
,Ciudad_Real,ayuntamiento@abenojar.es,Equipamiento para astroturismo en espacios públicos y naturales
,Ciudad_Real,alcaldia@almagro.es,Equipamiento para astroturismo en espacios públicos y naturales
,Ciudad_Real,secretaria@puebladelprincipe.es,Equipamiento para astroturismo en espacios públicos y naturales
,Cuenca,aytovega@gmail.com,Equipamiento para astroturismo en espacios públicos y naturales
,Cuenca,villaconejostr@gmail.com,Equipamiento para astroturismo en espacios públicos y naturales
,Cuenca,alcaldia@villaescusadeharo.es,Equipamiento para astroturismo en espacios públicos y naturales
,Cuenca,secretaria@villalbadelasierra.org,Equipamiento para astroturismo en espacios públicos y naturales
,Cuenca,secretariavillalgordo@gmail.com,Equipamiento para astroturismo en espacios públicos y naturales
,Cuenca,ayuntamiento@villanuevadelajara.es,Equipamiento para astroturismo en espacios públicos y naturales
,Cuenca,secretaria@ayuntamientodevillarejodefuentes.es,Equipamiento para astroturismo en espacios públicos y naturales
,Cuenca,aytovillarrubiocuenca@gmail.com,Equipamiento para astroturismo en espacios públicos y naturales
,Cuenca,alcaldia@villarta.es,Equipamiento para astroturismo en espacios públicos y naturales
,Cuenca,villaverdepasaconsolayto@gmail.com,Equipamiento para astroturismo en espacios públicos y naturales
,Cuenca,ayuntamientodevindel@gmail.com,Equipamiento para astroturismo en espacios públicos y naturales
,Cuenca,ayuntamientoyemeda@hotmail.com,Equipamiento para astroturismo en espacios públicos y naturales
,Cuenca,asmzafrilla@gmail.com,Equipamiento para astroturismo en espacios públicos y naturales
,Cuenca,alcaldezarza@gmail.com,Equipamiento para astroturismo en espacios públicos y naturales
,Cuenca,lasvaleras@hotmail.com,Equipamiento para astroturismo en espacios públicos y naturales
,Cuenca,ayto.pozorrubielos@gmail.com,Equipamiento para astroturismo en espacios públicos y naturales
,Cuenca,sotorribas@local.jccm.es,Equipamiento para astroturismo en espacios públicos y naturales
,Cuenca,info@ayuntamientojabaga.com,Equipamiento para astroturismo en espacios públicos y naturales
,Cuenca,aytoarcas@yahoo.es,Equipamiento para astroturismo en espacios públicos y naturales
,Cuenca,abiaobispalia@yahoo.es,Equipamiento para astroturismo en espacios públicos y naturales
,Cuenca,cristina_ayun_pozo@hotmail.com,Equipamiento para astroturismo en espacios públicos y naturales
,Cuenca,aytoalarcon@gmail.com,Equipamiento para astroturismo en espacios públicos y naturales
,Cuenca,aytoalbalate@gmail.com,Equipamiento para astroturismo en espacios públicos y naturales
,Cuenca,ayuntamientoalbendea@gmail.com,Equipamiento para astroturismo en espacios públicos y naturales
,Cuenca,ayuntamiento@albercadezancara.eu,Equipamiento para astroturismo en espacios públicos y naturales
,Cuenca,aytoalcaladelavega@hotmail.com,Equipamiento para astroturismo en espacios públicos y naturales
,Cuenca,jose3huete@gmail.com,Equipamiento para astroturismo en espacios públicos y naturales
,Cuenca,secretariamoyayagrupados@gmail.com,Equipamiento para astroturismo en espacios públicos y naturales
,Cuenca,secretaria@ayuntamientoalmendros.org,Equipamiento para astroturismo en espacios públicos y naturales
,Cuenca,aytoalmonacid@gmail.com,Equipamiento para astroturismo en espacios públicos y naturales
,Cuenca,ayuntamientoarandillaarroyo@gmail.com,Equipamiento para astroturismo en espacios públicos y naturales
,Cuenca,secretaria@villalbadelasierra.org,Equipamiento para astroturismo en espacios públicos y naturales
,Cuenca,alcaldia.arguisuelas@gmail.com,Equipamiento para astroturismo en espacios públicos y naturales
,Cuenca,barajas-melo@local.jccm.es,Equipamiento para astroturismo en espacios públicos y naturales
,Cuenca,sierracampillos@gmail.com,Equipamiento para astroturismo en espacios públicos y naturales
,Cuenca,ayto.campillodealtobuey@gmail.com,Equipamiento para astroturismo en espacios públicos y naturales
,Cuenca,aytocarrascosa@hotmail.com,Equipamiento para astroturismo en espacios públicos y naturales
,Cuenca,secreolmeda@hotmail.com,Equipamiento para astroturismo en espacios públicos y naturales
,Cuenca,info@enguidanos.es,Equipamiento para astroturismo en espacios públicos y naturales
,Cuenca,fresnedadelasierra@soluip.com,Equipamiento para astroturismo en espacios públicos y naturales
,Cuenca,ayuntafuente16@gmail.com,Equipamiento para astroturismo en espacios públicos y naturales
,Cuenca,fuentelespinodeharo@hotmail.com,Equipamiento para astroturismo en espacios públicos y naturales
,Cuenca,ayuntamiento_smb@hotmail.es,Equipamiento para astroturismo en espacios públicos y naturales
,Cuenca,santa-maria-campo-rus@local.jccm.es,Equipamiento para astroturismo en espacios públicos y naturales
,Cuenca,ayuntamiento@sisante.net,Equipamiento para astroturismo en espacios públicos y naturales
,Cuenca,aytosolera@yahoo.es,Equipamiento para astroturismo en espacios públicos y naturales
,Cuenca,ayuntamiento@tarancon.es,Equipamiento para astroturismo en espacios públicos y naturales
,Cuenca,info@tebar.es,Equipamiento para astroturismo en espacios públicos y naturales
,Cuenca,tejadillos.sec@gmail.com,Equipamiento para astroturismo en espacios públicos y naturales
,Cuenca,cristina_ayun_pozo@hotmail.com,Equipamiento para astroturismo en espacios públicos y naturales
,Cuenca,alcaldia@torrubiadelcastillo.es,Equipamiento para astroturismo en espacios públicos y naturales
,Cuenca,ayuntamientotragacete@hotmail.com,Equipamiento para astroturismo en espacios públicos y naturales
,Cuenca,tribaldosrozalen@hotmail.com,Equipamiento para astroturismo en espacios públicos y naturales
,Cuenca,secretaria@ucles.es,Equipamiento para astroturismo en espacios públicos y naturales
,Cuenca,ayuntamientovaldeolivas@gmail.com,Equipamiento para astroturismo en espacios públicos y naturales
,Cuenca,jacintacolladoolmo@gmail.com,Equipamiento para astroturismo en espacios públicos y naturales
,Cuenca,ayuntamientocanada@gmail.com,Equipamiento para astroturismo en espacios públicos y naturales
,Cuenca,ayuntamientodecanamares@gmail.com,Equipamiento para astroturismo en espacios públicos y naturales
,Cuenca,ayuntamientocanavate@gmail.com,Equipamiento para astroturismo en espacios públicos y naturales
,Cuenca,aytocarboneras@gmail.com,Equipamiento para astroturismo en espacios públicos y naturales
,Cuenca,ayuntamiento@cardenete.org,Equipamiento para astroturismo en espacios públicos y naturales
,Cuenca,ayuntamientodecarrascosadeharo@hotmail.com,Equipamiento para astroturismo en espacios públicos y naturales
,Cuenca,casas-de-fernando-alonso@local.jccm.es,Equipamiento para astroturismo en espacios públicos y naturales
,Cuenca,secretariamoyayagrupados@gmail.com,Equipamiento para astroturismo en espacios públicos y naturales
,Cuenca,casas-haro@local.jccm.es,Equipamiento para astroturismo en espacios públicos y naturales
,Cuenca,casas-pinos@local.jccm.es,Equipamiento para astroturismo en espacios públicos y naturales
,Cuenca,administrativo@casasimarro.es,Equipamiento para astroturismo en espacios públicos y naturales
,Cuenca,castillejodeiniesta2010@hotmail.com,Equipamiento para astroturismo en espacios públicos y naturales
,Cuenca,castillejosierra@soluip.com,Equipamiento para astroturismo en espacios públicos y naturales
,Cuenca,castillodegarcimunoz@yahoo.es,Equipamiento para astroturismo en espacios públicos y naturales
,Cuenca,alcadia@cuenca.es,Equipamiento para astroturismo en espacios públicos y naturales
,Cuenca,aytobeamud@gmail.com,Equipamiento para astroturismo en espacios públicos y naturales
,Cuenca,ayuntamiento.belinchon@gmail.com,Equipamiento para astroturismo en espacios públicos y naturales
,Cuenca,alcaldia@belmonte.es,Equipamiento para astroturismo en espacios públicos y naturales
,Cuenca,ayuntamientoboniches@gmail.com,Equipamiento para astroturismo en espacios públicos y naturales
,Cuenca,ayuntamientobuciegas@yahoo.es,Equipamiento para astroturismo en espacios públicos y naturales
,Cuenca,alcaldia@buenachedealarcon.com,Equipamiento para astroturismo en espacios públicos y naturales
,Cuenca,secretaria@ayuntamientodebuendia.org,Equipamiento para astroturismo en espacios públicos y naturales
,Cuenca,ayuntamientogascuena@gmail.com,Equipamiento para astroturismo en espacios públicos y naturales
,Cuenca,aytocampalbo@yahoo.es,Equipamiento para astroturismo en espacios públicos y naturales
,Cuenca,secretaria@grajadeiniesta.com,Equipamiento para astroturismo en espacios públicos y naturales
,Cuenca,la-hinojosa@local.jccm.es,Equipamiento para astroturismo en espacios públicos y naturales
,Cuenca,ayuntamientohorcajo@hotmail.com,Equipamiento para astroturismo en espacios públicos y naturales
,Cuenca,leomarti_12@hotmail.com,Equipamiento para astroturismo en espacios públicos y naturales
,Cuenca,aytohuelves@hotmail.es,Equipamiento para astroturismo en espacios públicos y naturales
,Cuenca,lahuerguina.sec@gmail.com,Equipamiento para astroturismo en espacios públicos y naturales
,Cuenca,huertaobispalia@yahoo.es,Equipamiento para astroturismo en espacios públicos y naturales
,Cuenca,huerta-marquesado@local.jccm.es,Equipamiento para astroturismo en espacios públicos y naturales
,Cuenca,alcalde@huete.org,Equipamiento para astroturismo en espacios públicos y naturales
,Cuenca,notificaciones@iniesta.es,Equipamiento para astroturismo en espacios públicos y naturales
,Cuenca,administracion@landete.es,Equipamiento para astroturismo en espacios públicos y naturales
,Cuenca,ayuntamientooficina@gmail.com,Equipamiento para astroturismo en espacios públicos y naturales
,Cuenca,leganiel@local.jccm.es,Equipamiento para astroturismo en espacios públicos y naturales
,Cuenca,secretariamajadas@soluip.com,Equipamiento para astroturismo en espacios públicos y naturales
,Cuenca,jvalia@elitex.es,Equipamiento para astroturismo en espacios públicos y naturales
,Cuenca,aytolasmesas@gmail.com,Equipamiento para astroturismo en espacios públicos y naturales
,Cuenca,aytominglanilla@gmail.com,Equipamiento para astroturismo en espacios públicos y naturales
,Cuenca,secmira@hotmail.com,Equipamiento para astroturismo en espacios públicos y naturales
,Cuenca,secretaria@belmonte.es,Equipamiento para astroturismo en espacios públicos y naturales
,Cuenca,ayuntamientomontalbanejo@hotmail.com,Equipamiento para astroturismo en espacios públicos y naturales
,Cuenca,ayuntamontalbo@yahoo.es,Equipamiento para astroturismo en espacios públicos y naturales
,Cuenca,ayuntamonteagudo@hotmail.com,Equipamiento para astroturismo en espacios públicos y naturales
,Cuenca,ayuntamiento@motadelcuervo.es,Equipamiento para astroturismo en espacios públicos y naturales
,Cuenca,ayuntamiento@motilla.com,Equipamiento para astroturismo en espacios públicos y naturales
,Cuenca,ayuntamientoolmeda@yahoo.es,Equipamiento para astroturismo en espacios públicos y naturales
,Cuenca,secreolmeda@hotmail.com,Equipamiento para astroturismo en espacios públicos y naturales
,Cuenca,ayuntamiento@osadelavega.org,Equipamiento para astroturismo en espacios públicos y naturales
,Cuenca,sanpedropalmiches.secretaria@dipucuenca.es,Equipamiento para astroturismo en espacios públicos y naturales
,Cuenca,sanpedropalmiches.secretaria@dipucuenca.es,Equipamiento para astroturismo en espacios públicos y naturales
,Cuenca,ayuntamiento_smb@hotmail.es,Equipamiento para astroturismo en espacios públicos y naturales
,Cuenca,pajaron@dipucuenca.es,Equipamiento para astroturismo en espacios públicos y naturales
,Cuenca,arguisuelas.secretaria@dipucuenca.es,Equipamiento para astroturismo en espacios públicos y naturales
,Cuenca,ayuntamiento@hontanaya.org,Equipamiento para astroturismo en espacios públicos y naturales
,Cuenca,contacto@torrubiadelcampo.com,Equipamiento para astroturismo en espacios públicos y naturales
,Cuenca,info@torrejoncillodelrey.org,Equipamiento para astroturismo en espacios públicos y naturales
,Cuenca,langreohuerta@yahoo.es,Equipamiento para astroturismo en espacios públicos y naturales
,Cuenca,ayuntamientocanavate@gmail.com,Equipamiento para astroturismo en espacios públicos y naturales
,Cuenca,atalayadelcanavate.secretaria@dipucuenca.es,Equipamiento para astroturismo en espacios públicos y naturales
,Cuenca,ayuntamiento.mariana@hotmail.com,Equipamiento para astroturismo en espacios públicos y naturales
,Cuenca,villaconejostr@gmail.com,Equipamiento para astroturismo en espacios públicos y naturales
,Cuenca,villarta.secretaria@dipucuenca.es,Equipamiento para astroturismo en espacios públicos y naturales
,Cuenca,ayto.palomares@gmail.com,Equipamiento para astroturismo en espacios públicos y naturales
,Cuenca,secretaria@villaverdeypasaconsol.net,Equipamiento para astroturismo en espacios públicos y naturales
,Cuenca,belinchon.secretaria@dipucuenca.es,Equipamiento para astroturismo en espacios públicos y naturales
,Cuenca,secretaria@ayuntamientoalmendros.org,Equipamiento para astroturismo en espacios públicos y naturales
,Cuenca,abiaobispalia@yahoo.es,Equipamiento para astroturismo en espacios públicos y naturales
,Cuenca,cristina_ayun_pozo@hotmail.com,Equipamiento para astroturismo en espacios públicos y naturales
,Cuenca,aytoalarcon@gmail.com,Equipamiento para astroturismo en espacios públicos y naturales
,Cuenca,aytoalbalate@gmail.com,Equipamiento para astroturismo en espacios públicos y naturales
,Cuenca,ayuntamientoalbendea@gmail.com,Equipamiento para astroturismo en espacios públicos y naturales
,Cuenca,ayuntamiento@albercadezancara.eu,Equipamiento para astroturismo en espacios públicos y naturales
,Cuenca,aytoalcaladelavega@hotmail.com,Equipamiento para astroturismo en espacios públicos y naturales
,Cuenca,ayuntamientodealcantud@gmail.com,Equipamiento para astroturismo en espacios públicos y naturales
,Cuenca,secretariamoyayagrupados@gmail.com,Equipamiento para astroturismo en espacios públicos y naturales
,Cuenca,aytoalmonacid@gmail.com,Equipamiento para astroturismo en espacios públicos y naturales
,Cuenca,ayuntamientoarandillaarroyo@gmail.com,Equipamiento para astroturismo en espacios públicos y naturales
,Cuenca,alcaldia@cuenca.es,Equipamiento para astroturismo en espacios públicos y naturales
,Cuenca,ayuntamiento@tarancon.es,Equipamiento para astroturismo en espacios públicos y naturales
,Cuenca,alcalde@quintanardelrey.es,Equipamiento para astroturismo en espacios públicos y naturales
,Cuenca,sanclemente@sanclemente.es,Equipamiento para astroturismo en espacios públicos y naturales
,Cuenca,info@laspedroneras.es,Equipamiento para astroturismo en espacios públicos y naturales
,Toledo,administrativo@ajofrin.es,Equipamiento para astroturismo en espacios públicos y naturales
,Toledo,secretaria@ajofrin.es,Equipamiento para astroturismo en espacios públicos y naturales
,Toledo,alcaldia@alamedadelasagra.es,Equipamiento para astroturismo en espacios públicos y naturales
,Toledo,ayuntamiento@albarrealdetajo.es,Equipamiento para astroturismo en espacios públicos y naturales
,Toledo,ayto.alcabon@gmail.com,Equipamiento para astroturismo en espacios públicos y naturales
,Toledo,alcanizo@munitoledo.es,Equipamiento para astroturismo en espacios públicos y naturales
,Toledo,ayuntamiento@alcaudetedelajara.es,Equipamiento para astroturismo en espacios públicos y naturales
,Toledo,ayuntamiento@alcoleadetajo.es,Equipamiento para astroturismo en espacios públicos y naturales
,Toledo,pirocas@terra.es,Equipamiento para astroturismo en espacios públicos y naturales
,Toledo,aytoaldea@gmail.com,Equipamiento para astroturismo en espacios públicos y naturales
,Toledo,info@aldeanuevadebarbarroya.org,Equipamiento para astroturismo en espacios públicos y naturales
,Toledo,ayto.aldeanuevasanbartolome@gmail.com,Equipamiento para astroturismo en espacios públicos y naturales
,Toledo,ayuntamiento@alcaudetedelajara.es,Equipamiento para astroturismo en espacios públicos y naturales
,Toledo,ayuntamiento@navalcan.com,Equipamiento para astroturismo en espacios públicos y naturales
,Toledo,ayuntamiento@carranque.es,Equipamiento para astroturismo en espacios públicos y naturales
,Toledo,aytomarjaliza@yahoo.es,Equipamiento para astroturismo en espacios públicos y naturales
,Toledo,info@sanromandelosmontes.com,Equipamiento para astroturismo en espacios públicos y naturales
,Toledo,ayuntamientodearges2020@gmail.com,Equipamiento para astroturismo en espacios públicos y naturales
,Toledo,info@ajofrin.es,Equipamiento para astroturismo en espacios públicos y naturales
,Toledo,secretaria@ajofrin.es,Equipamiento para astroturismo en espacios públicos y naturales
,Toledo,administrativo@ajofrin.es,Equipamiento para astroturismo en espacios públicos y naturales
,Toledo,oficina@ayuntamientolamata.es,Equipamiento para astroturismo en espacios públicos y naturales
,Toledo,info@almendraldelacanada.es,Equipamiento para astroturismo en espacios públicos y naturales
,Toledo,ayuntamiento@almonaciddetoledo.es,Equipamiento para astroturismo en espacios públicos y naturales
,Toledo,ayuntamiento@almonaciddetoledo.es,Equipamiento para astroturismo en espacios públicos y naturales
,Toledo,secretaria@almorox.es,Equipamiento para astroturismo en espacios públicos y naturales
,Toledo,info@almorox.es,Equipamiento para astroturismo en espacios públicos y naturales
,Toledo,chus@almorox.es,Equipamiento para astroturismo en espacios públicos y naturales
,Toledo,alcaldia@anoverdetajo.es,Equipamiento para astroturismo en espacios públicos y naturales
,Toledo,secretaria@almorox.es,Equipamiento para astroturismo en espacios públicos y naturales
,Toledo,info@almorox.es,Equipamiento para astroturismo en espacios públicos y naturales
,Toledo,chus@almorox.es,Equipamiento para astroturismo en espacios públicos y naturales
,Toledo,alcaldia@anoverdetajo.es,Equipamiento para astroturismo en espacios públicos y naturales
,Toledo,ayuntamiento@arcicollar.com,Equipamiento para astroturismo en espacios públicos y naturales
,Toledo,alcaldia@anoverdetajo.es,Equipamiento para astroturismo en espacios públicos y naturales
,Toledo,ayuntamiento@arcicollar.com,Equipamiento para astroturismo en espacios públicos y naturales
,Toledo,ayuntamiento@barcience.com,Equipamiento para astroturismo en espacios públicos y naturales
,Toledo,ayuntamiento@arcicollar.com,Equipamiento para astroturismo en espacios públicos y naturales
,Toledo,ayuntamiento@barcience.com,Equipamiento para astroturismo en espacios públicos y naturales
,Toledo,intervencion@bargas.es,Equipamiento para astroturismo en espacios públicos y naturales
,Toledo,info@bargas.es,Equipamiento para astroturismo en espacios públicos y naturales
,Toledo,ayuntamiento@barcience.com,Equipamiento para astroturismo en espacios públicos y naturales
,Toledo,belvis-jara@local.jccm.es,Equipamiento para astroturismo en espacios públicos y naturales
,Toledo,intervencion@bargas.es,Equipamiento para astroturismo en espacios públicos y naturales
,Toledo,info@bargas.es,Equipamiento para astroturismo en espacios públicos y naturales
,Toledo,belvis-jara@local.jccm.es,Equipamiento para astroturismo en espacios públicos y naturales
,Toledo,general@ayuntamientodeborox.com,Equipamiento para astroturismo en espacios públicos y naturales
,Toledo,secretaria@aytobuenaventura.es,Equipamiento para astroturismo en espacios públicos y naturales
,Toledo,ayuntamiento@aytobuenaventura.es,Equipamiento para astroturismo en espacios públicos y naturales
,Toledo,aytobuenaventura@gmail.com,Equipamiento para astroturismo en espacios públicos y naturales
,Toledo,ayuntamiento@burguillosdetoledo.org,Equipamiento para astroturismo en espacios públicos y naturales
,Toledo,burujon@burujon.es,Equipamiento para astroturismo en espacios públicos y naturales
,Toledo,carriches@diputoledo.es,Equipamiento para astroturismo en espacios públicos y naturales
,Toledo,aytocarriches@telefonica.net,Equipamiento para astroturismo en espacios públicos y naturales
,Toledo,ayuntamiento@casarrubiosdelmonte.es,Equipamiento para astroturismo en espacios públicos y naturales
,Toledo,alcaldia@casarrubiosdelmonte.es,Equipamiento para astroturismo en espacios públicos y naturales
,Toledo,castillodebayuela@diputoledo.es,Equipamiento para astroturismo en espacios públicos y naturales
,Toledo,info@castillodebayuela.com,Equipamiento para astroturismo en espacios públicos y naturales
,Toledo,oficinageneral@cazalegas.es,Equipamiento para astroturismo en espacios públicos y naturales
,Toledo,cebolla@diputoledo.es,Equipamiento para astroturismo en espacios públicos y naturales
,Toledo,info@ayuntamientodecebolla.com,Equipamiento para astroturismo en espacios públicos y naturales
,Toledo,cedillodelcondado@diputoledo.es,Equipamiento para astroturismo en espacios públicos y naturales
,Toledo,registro@cedillodelcondado.es,Equipamiento para astroturismo en espacios públicos y naturales
,Toledo,aytociruelos@ciruelos.es,Equipamiento para astroturismo en espacios públicos y naturales
,Toledo,administracion@cobisa.es,Equipamiento para astroturismo en espacios públicos y naturales
,Toledo,secretaria@cobisa.es,Equipamiento para astroturismo en espacios públicos y naturales
,Toledo,info@aytoconsuegra.es,Equipamiento para astroturismo en espacios públicos y naturales
,Toledo,ayuntamiento@aytoconsuegra.es,Equipamiento para astroturismo en espacios públicos y naturales
,Toledo,info@almendraldelacanada.es,Equipamiento para astroturismo en espacios públicos y naturales
,Toledo,ayuntamiento@almonaciddetoledo.es,Equipamiento para astroturismo en espacios públicos y naturales
,Toledo,info@almorox.es,Equipamiento para astroturismo en espacios públicos y naturales
,Toledo,alcaldia@anoverdetajo.es,Equipamiento para astroturismo en espacios públicos y naturales
,Toledo,ayuntamiento@arcicollar.com,Equipamiento para astroturismo en espacios públicos y naturales
,Toledo,ayuntaazutan@yahoo.es,Equipamiento para astroturismo en espacios públicos y naturales
,Toledo,ayuntamiento@barcience.com,Equipamiento para astroturismo en espacios públicos y naturales
,Toledo,info@bargas.es,Equipamiento para astroturismo en espacios públicos y naturales
,Toledo,belvis-jara@local.jccm.es,Equipamiento para astroturismo en espacios públicos y naturales
,Toledo,secretaria@aytobuenaventura.es,Equipamiento para astroturismo en espacios públicos y naturales
,Toledo,burujon@burujon.es,Equipamiento para astroturismo en espacios públicos y naturales
,Toledo,aytocarriches@telefonica.net,Equipamiento para astroturismo en espacios públicos y naturales
,Toledo,alcaldia@casarrubiosdelmonte.es,Equipamiento para astroturismo en espacios públicos y naturales
,Toledo,ay.casasbuenas@telefonica.net,Equipamiento para astroturismo en espacios públicos y naturales
,Toledo,oficinageneral@cazalegas.es,Equipamiento para astroturismo en espacios públicos y naturales
,Toledo,ayuntaminetocervera@yahoo.es,Equipamiento para astroturismo en espacios públicos y naturales
,Toledo,cobejaayto@outlook.com,Equipamiento para astroturismo en espacios públicos y naturales
,Toledo,administracion@cobisa.es,Equipamiento para astroturismo en espacios públicos y naturales
,Toledo,ayuntamiento@aytoconsuegra.es,Equipamiento para astroturismo en espacios públicos y naturales
,Toledo,oficinasmunicipales@cuerva.es,Equipamiento para astroturismo en espacios públicos y naturales
,Toledo,chozas-canales@local.jccm.es,Equipamiento para astroturismo en espacios públicos y naturales
,Toledo,chueca@local.jccm.es,Equipamiento para astroturismo en espacios públicos y naturales
,Toledo,alcalde@dosbarrios.com,Equipamiento para astroturismo en espacios públicos y naturales
,Toledo,cabanas-sagra@local.jccm.es,Equipamiento para astroturismo en espacios públicos y naturales
,Toledo,contacto@yepes.es,Equipamiento para astroturismo en espacios públicos y naturales
,Toledo,secretaria@aytocabezamesada.es,Equipamiento para astroturismo en espacios públicos y naturales
,Toledo,caleruela@local.jccm.es,Equipamiento para astroturismo en espacios públicos y naturales
,Toledo,secretaria@ayto-camarena.com,Equipamiento para astroturismo en espacios públicos y naturales
,Toledo,ayto.erustes@gmail.com,Equipamiento para astroturismo en espacios públicos y naturales
,Toledo,ayuntamientoparedesdeescalona@gmail.com,Equipamiento para astroturismo en espacios públicos y naturales
,Toledo,ana@escalonilla.com,Equipamiento para astroturismo en espacios públicos y naturales
,Toledo,la-estrella@local.jccm.es,Equipamiento para astroturismo en espacios públicos y naturales
,Toledo,alcaldia@fuensalida.com,Equipamiento para astroturismo en espacios públicos y naturales
,Toledo,ayuntamiento2003@yahoo.es,Equipamiento para astroturismo en espacios públicos y naturales
,Toledo,ayto.garciotun@gmail.com,Equipamiento para astroturismo en espacios públicos y naturales
,Toledo,ayuntamientohontanar@gmail.com,Equipamiento para astroturismo en espacios públicos y naturales
,Toledo,la-iglesuela@local.jccm.es,Equipamiento para astroturismo en espacios públicos y naturales
,Toledo,alcaldia@illescas.es,Equipamiento para astroturismo en espacios públicos y naturales
,Toledo,ayuntamiento@lagartera.es,Equipamiento para astroturismo en espacios públicos y naturales
,Toledo,alcaldia@madridejos.es,Equipamiento para astroturismo en espacios públicos y naturales
,Toledo,maqueda@diputoledo.es,Equipamiento para astroturismo en espacios públicos y naturales
,Toledo,aytomarrupe@gmail.com,Equipamiento para astroturismo en espacios públicos y naturales
,Toledo,oficina@ayuntamientolamata.es,Equipamiento para astroturismo en espacios públicos y naturales
,Toledo,mentrida@mentrida.es,Equipamiento para astroturismo en espacios públicos y naturales
,Toledo,ayto.mesegar@gmail.com,Equipamiento para astroturismo en espacios públicos y naturales
,Toledo,angel@aytomiguelesteban.es,Equipamiento para astroturismo en espacios públicos y naturales
,Toledo,secretaria@mocejon.es,Equipamiento para astroturismo en espacios públicos y naturales
,Toledo,mohedasdelajara@ya.com,Equipamiento para astroturismo en espacios públicos y naturales
,Toledo,montearagon@diputoledo.es,Equipamiento para astroturismo en espacios públicos y naturales
,Toledo,alcaldia@mora.es,Equipamiento para astroturismo en espacios públicos y naturales
,Toledo,ayuntamiento@aytoconsuegra.es,Equipamiento para astroturismo en espacios públicos y naturales
,Toledo,oficinasmunicipales@cuerva.es,Equipamiento para astroturismo en espacios públicos y naturales
,Toledo,chozas-canales@local.jccm.es,Equipamiento para astroturismo en espacios públicos y naturales
,Toledo,chueca@local.jccm.es,Equipamiento para astroturismo en espacios públicos y naturales
,Toledo,alcalde@dosbarrios.com,Equipamiento para astroturismo en espacios públicos y naturales
,Toledo,cabanas-sagra@local.jccm.es,Equipamiento para astroturismo en espacios públicos y naturales
,Toledo,contacto@yepes.es,Equipamiento para astroturismo en espacios públicos y naturales
,Toledo,secretaria@aytocabezamesada.es,Equipamiento para astroturismo en espacios públicos y naturales
,Toledo,caleruela@local.jccm.es,Equipamiento para astroturismo en espacios públicos y naturales
,Toledo,secretaria@ayto-camarena.com,Equipamiento para astroturismo en espacios públicos y naturales
,Toledo,ayto.erustes@gmail.com,Equipamiento para astroturismo en espacios públicos y naturales
,Toledo,ayuntamientoparedesdeescalona@gmail.com,Equipamiento para astroturismo en espacios públicos y naturales
,Toledo,ana@escalonilla.com,Equipamiento para astroturismo en espacios públicos y naturales
,Toledo,la-estrella@local.jccm.es,Equipamiento para astroturismo en espacios públicos y naturales
,Toledo,alcaldia@fuensalida.com,Equipamiento para astroturismo en espacios públicos y naturales
,Toledo,ayuntamiento2003@yahoo.es,Equipamiento para astroturismo en espacios públicos y naturales
,Toledo,ayto.garciotun@gmail.com,Equipamiento para astroturismo en espacios públicos y naturales
,Toledo,ayuntamientohontanar@gmail.com,Equipamiento para astroturismo en espacios públicos y naturales
,Toledo,la-iglesuela@local.jccm.es,Equipamiento para astroturismo en espacios públicos y naturales
,Toledo,alcaldia@illescas.es,Equipamiento para astroturismo en espacios públicos y naturales
,Toledo,ayuntamiento@lagartera.es,Equipamiento para astroturismo en espacios públicos y naturales
,Toledo,alcaldia@madridejos.es,Equipamiento para astroturismo en espacios públicos y naturales
,Toledo,aytomarrupe@gmail.com,Equipamiento para astroturismo en espacios públicos y naturales
,Toledo,mentrida@mentrida.es,Equipamiento para astroturismo en espacios públicos y naturales
,Toledo,ayto.mesegar@gmail.com,Equipamiento para astroturismo en espacios públicos y naturales
,Toledo,secretaria@mocejon.es,Equipamiento para astroturismo en espacios públicos y naturales
,Toledo,mohedasdelajara@ya.com,Equipamiento para astroturismo en espacios públicos y naturales
,Toledo,alcaldia@mora.es,Equipamiento para astroturismo en espacios públicos y naturales
,Toledo,ayuntamiento@nambroca.com,Equipamiento para astroturismo en espacios públicos y naturales
,Toledo,navahermosa@local.jccm.es,Equipamiento para astroturismo en espacios públicos y naturales
,Toledo,ayuntanavalmoralejo@yahoo.es,Equipamiento para astroturismo en espacios públicos y naturales
,Toledo,secretario@losnavalmorales.es,Equipamiento para astroturismo en espacios públicos y naturales
,Toledo,navamorcuende@local.jccm.es,Equipamiento para astroturismo en espacios públicos y naturales
,Toledo,gestion@noblejas.es,Equipamiento para astroturismo en espacios públicos y naturales
,Toledo,nombela@local.jccm.es,Equipamiento para astroturismo en espacios públicos y naturales
,Toledo,registro@ayunt-numancia.es,Equipamiento para astroturismo en espacios públicos y naturales
,Toledo,nunogomez@gmail.com,Equipamiento para astroturismo en espacios públicos y naturales
,Toledo,ocana@ocana.es,Equipamiento para astroturismo en espacios públicos y naturales
,Toledo,joaquin@aytoolias.es,Equipamiento para astroturismo en espacios públicos y naturales
,Toledo,secretaria@ayto-orgaz.es,Equipamiento para astroturismo en espacios públicos y naturales
,Toledo,info@torralbadeoropesa.org,Equipamiento para astroturismo en espacios públicos y naturales
,Toledo,ayuntamientotero@gmail.com,Equipamiento para astroturismo en espacios públicos y naturales
,Toledo,info@ayuntamientodepalomeque.es,Equipamiento para astroturismo en espacios públicos y naturales
,Toledo,administracion@ayuntamientopantoja.com,Equipamiento para astroturismo en espacios públicos y naturales
,Toledo,santifurio@yahoo.es,Equipamiento para astroturismo en espacios públicos y naturales
,Toledo,alcaldia@portillodetoledo.es,Equipamiento para astroturismo en espacios públicos y naturales
,Toledo,alcaldia@pueblademontalban.com,Equipamiento para astroturismo en espacios públicos y naturales
,Toledo,info@puentedelarzobispo.es,Equipamiento para astroturismo en espacios públicos y naturales
,Toledo,ayuntamiento@quero.es,Equipamiento para astroturismo en espacios públicos y naturales
,Toledo,ayuntamiento@aytoquintanar.org,Equipamiento para astroturismo en espacios públicos y naturales
,Toledo,ges.quismondo@yahoo.es,Equipamiento para astroturismo en espacios públicos y naturales
,Toledo,ayuntamiento@elrealdesanvicente.es,Equipamiento para astroturismo en espacios públicos y naturales
,Toledo,ayto@recas.es,Equipamiento para astroturismo en espacios públicos y naturales
,Toledo,ayto_retamoso19@hotmail.com,Equipamiento para astroturismo en espacios públicos y naturales
,Toledo,ayuntamientorobledo@hotmail.es,Equipamiento para astroturismo en espacios públicos y naturales
,Toledo,jaime.ispinum@gmail.com,Equipamiento para astroturismo en espacios públicos y naturales
,Toledo,ayuntamiento@sanmartindepusa.es,Equipamiento para astroturismo en espacios públicos y naturales
,Toledo,ayuntamiento@aytocamarenilla.org,Equipamiento para astroturismo en espacios públicos y naturales
,Toledo,ayuntamiento@camunas.es,Equipamiento para astroturismo en espacios públicos y naturales
,Toledo,ayuntamiento@malpicadetajo.es,Equipamiento para astroturismo en espacios públicos y naturales
,Toledo,secretaria@santacruzdelazarza.es,Equipamiento para astroturismo en espacios públicos y naturales
,Toledo,ayto_alcaldia@santacruzdelretamar.es,Equipamiento para astroturismo en espacios públicos y naturales
,Toledo,contabilidad@santaolalla.es,Equipamiento para astroturismo en espacios públicos y naturales
,Toledo,ayuntamientodesartajada@hotmail.com,Equipamiento para astroturismo en espacios públicos y naturales
,Toledo,info@ayto-sesena.org,Equipamiento para astroturismo en espacios públicos y naturales
,Toledo,secretaria@sonseca.es,Equipamiento para astroturismo en espacios públicos y naturales
,Toledo,aytosotillo@hotmail.com,Equipamiento para astroturismo en espacios públicos y naturales
,Toledo,alcaldia@talavera.org,Equipamiento para astroturismo en espacios públicos y naturales
,Toledo,info@ayuntamientodetembleque.es,Equipamiento para astroturismo en espacios públicos y naturales
,Toledo,administracion@eltoboso.org,Equipamiento para astroturismo en espacios públicos y naturales
,Toledo,alcaldia@toledo.es,Equipamiento para astroturismo en espacios públicos y naturales
,Toledo,sac@torrijos.es,Equipamiento para astroturismo en espacios públicos y naturales
,Toledo,aytototanes@totanes.es,Equipamiento para astroturismo en espacios públicos y naturales
,Toledo,administrativoturleque@local.jccm.es,Equipamiento para astroturismo en espacios públicos y naturales
,Toledo,atencionalciudadano@ugena.es,Equipamiento para astroturismo en espacios públicos y naturales
,Toledo,secretaria@valmojado.com,Equipamiento para astroturismo en espacios públicos y naturales
,Toledo,sugerencias@aytovillacanas.com,Equipamiento para astroturismo en espacios públicos y naturales
,Toledo,yunclillos@local.jccm.es,Equipamiento para astroturismo en espacios públicos y naturales
,Toledo,info@yuncos.es,Equipamiento para astroturismo en espacios públicos y naturales
,Toledo,ayuntamiento@villadonfadrique.es,Equipamiento para astroturismo en espacios públicos y naturales
,Toledo,intervencion@aytovillafranca.es,Equipamiento para astroturismo en espacios públicos y naturales
,Toledo,intervencion@villaluengadelasagra.es,Equipamiento para astroturismo en espacios públicos y naturales
,Toledo,info@villamieldetoledo.com,Equipamiento para astroturismo en espacios públicos y naturales
,Toledo,secretaria@villarrubiadesantiago.es,Equipamiento para astroturismo en espacios públicos y naturales
,Toledo,contabilidad@villasecadelasagra.es,Equipamiento para astroturismo en espacios públicos y naturales
,Toledo,ayto.villasequilla@hotmail.com,Equipamiento para astroturismo en espacios públicos y naturales
,Toledo,secretario@villatobas.es,Equipamiento para astroturismo en espacios públicos y naturales
,Toledo,info@elvisodesanjuan.org,Equipamiento para astroturismo en espacios públicos y naturales
,Toledo,secretaria@losyebenes.es,Equipamiento para astroturismo en espacios públicos y naturales
,Toledo,administracion@yeles.es,Equipamiento para astroturismo en espacios públicos y naturales
,Toledo,contacto@yepes.es,Equipamiento para astroturismo en espacios públicos y naturales
,Toledo,administrativo@ajofrin.es,Equipamiento para astroturismo en espacios públicos y naturales
,Toledo,administrativo@ajofrin.es,Equipamiento para astroturismo en espacios públicos y naturales
,Toledo,registroayuntamiento@alamedadelasagra.es,Equipamiento para astroturismo en espacios públicos y naturales
,Toledo,administrativo@ajofrin.es,Equipamiento para astroturismo en espacios públicos y naturales
,Toledo,registroayuntamiento@alamedadelasagra.es,Equipamiento para astroturismo en espacios públicos y naturales
,Toledo,alcaldia@albarrealdetajo.es,Equipamiento para astroturismo en espacios públicos y naturales
,Toledo,registroayuntamiento@alamedadelasagra.es,Equipamiento para astroturismo en espacios públicos y naturales
,Toledo,administrativo@ajofrin.es,Equipamiento para astroturismo en espacios públicos y naturales
,Toledo,alcaldia@albarrealdetajo.es,Equipamiento para astroturismo en espacios públicos y naturales
,Toledo,secretaria@alcabon.es,Equipamiento para astroturismo en espacios públicos y naturales
,Toledo,alcaldia@albarrealdetajo.es,Equipamiento para astroturismo en espacios públicos y naturales
,Toledo,registroayuntamiento@alamedadelasagra.es,Equipamiento para astroturismo en espacios públicos y naturales
,Toledo,secretaria@alcabon.es,Equipamiento para astroturismo en espacios públicos y naturales
,Toledo,administrativo@ajofrin.es,Equipamiento para astroturismo en espacios públicos y naturales
,Toledo,administrativo@ajofrin.es,Equipamiento para astroturismo en espacios públicos y naturales
,Toledo,administrativo@ajofrin.es,Equipamiento para astroturismo en espacios públicos y naturales
,Toledo,administrativo@ajofrin.es,Equipamiento para astroturismo en espacios públicos y naturales
,Toledo,administrativo@ajofrin.es,Equipamiento para astroturismo en espacios públicos y naturales
,Toledo,alcaldia@borox.es,Equipamiento para astroturismo en espacios públicos y naturales
,Toledo,ayuntamiento@burguillosdetoledo.org,Equipamiento para astroturismo en espacios públicos y naturales
,Toledo,ayuntamientociruelos@gmail.com,Equipamiento para astroturismo en espacios públicos y naturales
,Toledo,ayuntamientoespinoso@gmail.com,Equipamiento para astroturismo en espacios públicos y naturales
,Toledo,hormigosayto@gmail.com,Equipamiento para astroturismo en espacios públicos y naturales
,Toledo,ayuntamiento@huecas.es,Equipamiento para astroturismo en espacios públicos y naturales
,Toledo,info@aytodelillo.es,Equipamiento para astroturismo en espacios públicos y naturales
,Toledo,lucillos@hotmail.es,Equipamiento para astroturismo en espacios públicos y naturales
,Toledo,s.mascaraque@gmail.com,Equipamiento para astroturismo en espacios públicos y naturales
,Toledo,secretaria@menasalbas.es,Equipamiento para astroturismo en espacios públicos y naturales
,Toledo,montesclaros@local.jccm.es,Equipamiento para astroturismo en espacios públicos y naturales
,Toledo,aytonoezics@gmail.com,Equipamiento para astroturismo en espacios públicos y naturales
,Toledo,ayuntamiento@noves.es,Equipamiento para astroturismo en espacios públicos y naturales
,Toledo,aytoparedesdeescalona@yahoo.es,Equipamiento para astroturismo en espacios públicos y naturales
,Toledo,pelahustan@local.jccm.es,Equipamiento para astroturismo en espacios públicos y naturales
,Toledo,pulgar@local.jccm.es,Equipamiento para astroturismo en espacios públicos y naturales
,Toledo,secretariaintervencion@aytorielves.es,Equipamiento para astroturismo en espacios públicos y naturales
,Toledo,ayuntamiento-cardiel@hotmail.com,Equipamiento para astroturismo en espacios públicos y naturales
,Toledo,secretaria.aytocarmena@gmail.com,Equipamiento para astroturismo en espacios públicos y naturales
,Toledo,registro@aytosanpablodelosmontes.es,Equipamiento para astroturismo en espacios públicos y naturales
,Toledo,ayuntamientodesantaanadepusa@gmail.com,Equipamiento para astroturismo en espacios públicos y naturales
,Toledo,aytotorrecilladelajara@hotmail.com,Equipamiento para astroturismo en espacios públicos y naturales
,Toledo,administracion@ayuntamientovelada.es,Equipamiento para astroturismo en espacios públicos y naturales
,Toledo,ayuntamiento@aytovillaminaya.es,Equipamiento para astroturismo en espacios públicos y naturales
,Toledo,villamuelas@munitoledo.es,Equipamiento para astroturismo en espacios públicos y naturales
,Toledo,ayto.vvabogas@gmail.com,Equipamiento para astroturismo en espacios públicos y naturales
,Toledo,ayun.villarejodemon@gmail.com,Equipamiento para astroturismo en espacios públicos y naturales
,Toledo,ayuntamientosevilleja@hotmail.es,Equipamiento para astroturismo en espacios públicos y naturales
